[
  {
      "name":"Cake Item",
      "url":"./images/cake1.jpg",
      "price":5
  },
  {
    "name":"Cake Item",
    "url":"./images/cake2.jpg",
    "price":10
  },
  {
    "name":"Cake Item",
    "url":"./images/cake3.jpg",
    "price":15
 },
 {
    "name":"Cupcake Item",
    "url":"./images/cupcake1.jpg",
    "price":10
},
{
    "name":"Cupcake Item",
    "url":"./images/cupcake2.jpg",
    "price":5
},
{
    "name":"Cupcake Item",
    "url":"./images/cupcake3.jpg",
    "price":5
},
{
    "name":"Sweet Item",
    "url":"./images/sweet1.jpg",
    "price":10
},
{
    "name":"Sweet Item",
    "url":"./images/sweet2.jpg",
    "price":5
},
{
    "name":"Sweet Item",
    "url":"./images/sweet3.jpg",
    "price":20
},
{
    "name":"Doughnut Item",
    "url":"./images/doughnut1.jpg",
    "price":5
},
{
    "name":"Doughnut Item",
    "url":"./images/doughnut2.jpg",
    "price":10
},
{
    "name":"Doughnut Item",
    "url":"./images/doughnut3.jpg",
    "price":5
}
]