{
    "categories": [{
            "categoryId": "Food"
        },
        {
            "categoryId": "Travel"
        },
        {
            "categoryId": "Lifestyle"
        },
        {
            "categoryId": "Music"
        }
    ],
    "register_db": [{
            "id": "1",
            "username": "Aditi Gudadhe",
            "email": "ms.aditigudadhe@gmail.com",
            "mobileno": "8379019100",
            "password": "Aditi@123"
        },
        {
            "username": "hardikmehta",
            "email": "hardik@gmail.com",
            "mobileno": "8379019100",
            "password": "Hardik@123",
            "id": "dyRAdau"
        },
        {
            "username": "Prajakta Bhidwe",
            "email": "prajakta@gmail.com",
            "mobileno": "8379019100",
            "password": "Prajakta@123",
            "confirm-password": "Prajakta@123",
            "id": "3XxtyS6"
        },
        {
            "username": "Joshua Nandrekar",
            "email": "joshua@gmail.com",
            "mobileno": "8379019100",
            "password": "Joshua@123",
            "confirm-password": "Joshua@123",
            "id": "YLlZWPB"
        },
        {
            "username": "Priya Sapkal",
            "email": "priya123@gmail.com",
            "mobileno": "3434343343",
            "password": "Priya@123",
            "confirm-password": "Priya@123",
            "id": "yIxnJy1"
        },
        {
            "username": "Pratik Thakare",
            "email": "pratik@gmail.com",
            "mobileno": "3434343343",
            "password": "Pratik@123",
            "confirm-password": "Pratik@123",
            "id": "CjTZwmy"
        },
        {
            "username": "Adi",
            "email": "adi123@gmail.com",
            "mobileno": "8379019100",
            "password": "Adi@12345",
            "confirm-password": "Adi@12345",
            "id": "Qed8WM9"
        },
        {
            "username": "Abhishek Mande",
            "email": "abhishekmande@gmail.com",
            "mobileno": "9876543210",
            "password": "Abhishek@123",
            "confirm-password": "Abhishek@123",
            "id": "pzn2ETR"
        },
        {
            "username": "Adinath Raut",
            "email": "adinathraut@gmail.com",
            "mobileno": "8379019100",
            "password": "Adinath@123",
            "confirm-password": "Adinath@123",
            "id": "iW_4Cso"
        },
        {
            "username": "Azharuddin Jalgoankar",
            "email": "azhar@gmail.com",
            "mobileno": "8379019100",
            "password": "Azhar@123",
            "confirm-password": "Azhar@123",
            "id": "cvvFbAt"
        },
        {
            "username": "Shekhar bendre",
            "email": "shekhar@gmail.com",
            "mobileno": "3434343343",
            "password": "Shekhar@123",
            "confirm-password": "Shekhar@123",
            "id": "hY807eY"
        },
        {
            "username": "Jenny Smith",
            "email": "jenny@gmail.com",
            "mobileno": "8379019100",
            "password": "Jenny@123",
            "confirm-password": "Jenny@123",
            "id": "yAsEWoC"
        },
        {
            "username": "Hrishikesh Mhatre",
            "email": "hrishi@gmail.com",
            "mobileno": "3434343343",
            "password": "Hrishi@123",
            "confirm-password": "Hrishi@123",
            "id": "UWDVlSb"
        },
        {
            "username": "Vinita Yemmi",
            "email": "vinita@gmail.com",
            "mobileno": "8379019100",
            "password": "Vinita@123",
            "confirm-password": "Vinita@123",
            "id": "Wfn7xY1"
        },
        {
            "username": "Akruti",
            "email": "akruti@gmail.com",
            "mobileno": "8379019100",
            "password": "Akruti@123",
            "confirm-password": "Akruti@123",
            "id": "SNj1LwB"
        },
        {
            "username": "Gajanand ",
            "email": "gajanand@gmail.com",
            "mobileno": "3434343343",
            "password": "Aditi@123",
            "confirm-password": "Aditi@123",
            "id": "mOfNlwM"
        },
        {
            "username": "Sunil Kulkarni",
            "email": "sunil@gmail.com",
            "mobileno": "8379019100",
            "password": "Sunil@123",
            "confirm-password": "Sunil@123",
            "id": "DPH4jAT"
        }
    ],
    "post_db": [{
            "image": "https://th.bing.com/th/id/Rccdef9d418a873ccafa6ee3fca1d5475?rik=py4EOkuiJ4On4Q&riu=http%3a%2f%2fpic1.bbzhi.com%2fsheyingbizhi%2fribenmeishisheyingqiujizhuti%2fphotograph_japanese_food_autumn_43852_1.jpg&ehk=v5mA58bs557D%2f9TMVko5qbpoNjKg%2fxAjbo3O4SwYa%2fM%3d&risl=&pid=ImgRaw ",
            "blogTitle": "Food 1",
            "blogData": "Some things in IT never change and one is exposing vulnerabilities in Microsoft’s armoury,Lorem Ipsum is simply dummy text of the printing and typesetting industry. Lorem Ipsum has been the industry's standard dummy text ever since the 1500s, when an unknown printer took a galley of type and scrambled it to make a type specimen book. It has survived not only five centuries, but also the leap into electronic typesetting, remaining essentially unchanged. It was popularised in the 1960s with the release of Letraset sheets containing Lorem Ipsum passages, and more recently with desktop publishing software like Aldus PageMaker including versions of Lorem Ipsum. not least as has recently been reported, Microsoft Exchange. Oh, how the hackers love Exchange…Some things in IT never change and one is exposing vulnerabilities in Microsoft’s armoury, not least as has recently been reported, Microsoft Exchange. Oh, how the hackers love Exchange…Some things in IT never change and one is exposing vulnerabilities in Microsoft’s armoury, not least as has recently been reported, Microsoft Exchange. Oh, how the hackers love Exchange…Some things in IT never change and one is exposing vulnerabilities in Microsoft’s armoury, not least as has recently been reported, Microsoft Exchange. Oh, how the hackers love Exchange… ",
            "like": [
                "Adinath Raut",
                "Priya Sapkal",
                "hardikmehta",
                "Pratik Thakare",
                "Joshua Nandrekar",
                "Hrishikesh Mhatre",
                "Prajakta Bhidwe",
                "Vinita Yemmi",
                "Akruti",
                "Akash Gorle",
                "Aditi Gudadhe"
            ],
            "categoryId": "Food",
            "timestamp": "Wed May 26 2021  21:10:29",
            "id": 2,
            "comments": [{
                    "username": "priya123@gmail.com",
                    "comment": "Melted Parmesan and mozzarella cheese, and a peppery, garlicky tomato sauce drizzled over the top of a chicken fillet -- Aussie pub-goers claim this ostensibly Italian dish as their own. Since they make it so well, there's no point in arguing.",
                    "time": "Thu May 27 2021  15:50:15"
                },
                {
                    "username": "joshua@gmail.com",
                    "comment": "This best food Thai masterpiece teems with shrimp, mushrooms, tomatoes, lemongrass, galangal and kaffir lime leaves. Usually loaded with coconut milk and cream, the hearty soup unifies a host of favorite Thai tastes: sour, salty, spicy and sweet. Best of all is the price: cheap.",
                    "time": "Thu May 27 2021  15:55:36"
                },
                {
                    "username": "joshua@gmail.com",
                    "comment": "Superb!!",
                    "time": "Fri May 28 2021  19:29:31"
                },
                {
                    "username": "pratik@gmail.com",
                    "comment": " the hearty soup unifies a host of favorite Thai tastes: sour, salty, spicy and sweet. Best of all is the price: cheap.",
                    "time": "Sat May 29 2021  4:6:58"
                },
                {
                    "username": "shekhar@gmail.com",
                    "comment": "Very nice",
                    "time": "Sat May 29 2021  15:12:36"
                },
                {
                    "username": "akruti@gmail.com",
                    "comment": "This best food Thai masterpiece teems with shrimp, mushrooms, tomatoes, lemongrass, galangal and kaffir lime leaves. Usually loaded with coconut milk and cream, the hearty soup unifies a host of favorite Thai tastes: sour, salty, spicy and sweet. Best of all is the price: cheap.",
                    "time": "Mon May 31 2021  19:5:20"
                },
                {
                    "username": "mr.akashgorle@gmail.com",
                    "comment": "This best food Thai masterpiece teems with shrimp, mushrooms, tomatoes, lemongrass, galangal and kaffir lime leaves. ",
                    "time": "Mon May 31 2021  22:46:2"
                },
                {
                    "username": "ms.aditigudadhe@gmail.com",
                    "comment": "Very Nice!!",
                    "time": "Tue Jun 01 2021  16:35:55"
                },
                {
                    "username": "gajanand@gmail.com",
                    "comment": "Awesomr!!",
                    "time": "Tue Jun 01 2021  18:2:52"
                },
                {
                    "username": "sunil@gmail.com",
                    "comment": "Awesomr!",
                    "time": "Wed Jun 02 2021  19:41:23"
                }
            ]
        },
        {
            "image": "https://th.bing.com/th/id/OIP.2bayk2I3MDK08Y755pkpmwHaEo?w=286&h=180&c=7&o=5&pid=1.7",
            "blogTitle": "Travel 1",
            "blogData": "Travel is the movement of people between distant geographical locations. Travel can be done by foot, bicycle, automobile, train, boat, bus, airplane, ship or other means, with or without luggage, and can be one way or round trip. Travel can also include relatively short stays between successive movements, as in the case of tourism.",
            "categoryId": "Travel",
            "timestamp": "Mon May 31 2021  16:48:14",
            "id": 11,
            "like": [
                "Prajakta Bhidwe",
                "Vinita Yemmi",
                "Akash Gorle"
            ],
            "comments": [{
                    "username": "vinita@gmail.com",
                    "comment": "Great Place to visit..",
                    "time": "Mon May 31 2021  19:1:38"
                },
                {
                    "username": "vinita@gmail.com",
                    "comment": "",
                    "time": "Mon May 31 2021  19:1:51"
                }
            ]
        },
        {
            "id": 3,
            "image": "https://th.bing.com/th/id/OIP._d92e_pHDJV4lOdm0QYM7gHaFj?w=263&h=197&c=7&o=5&dpr=1.25&pid=1.7",
            "blogTitle": "Food 2",
            "blogData": "Some things in IT never change and one is exposing vulnerabilities in Microsoft’s armoury,Lorem Ipsum is simply dummy text of the printing and typesetting industry. Lorem Ipsum has been the industry's standard dummy text ever since the 1500s, when an unknown printer took a galley of type and scrambled it to make a type specimen book. It has survived not only five centuries, but also the leap into electronic typesetting, remaining essentially unchanged. It was popularised in the 1960s with the release of Letraset sheets containing Lorem Ipsum passages, and more recently with desktop publishing software like Aldus PageMaker including versions of Lorem Ipsum. not least as has recently been reported, Microsoft Exchange. Oh, how the hackers love Exchange… ",
            "comments": [{
                    "username": "priya123@gmail.com",
                    "comment": "Despite the name, no rabbits are harmed in the making of one of South Africa's best-loved street foods. Bunny chow is hollowed-out half- or quarter-loaves of white bread filled with super-spicy curry. The dish originated in Durban's Indian community.",
                    "time": "Thu May 27 2021  15:51:36"
                },
                {
                    "username": "adinathraut@gmail.com",
                    "comment": "Good One!!",
                    "time": "Thu May 27 2021  21:15:50"
                },
                {
                    "username": "adinathraut@gmail.com",
                    "comment": "Good One!!",
                    "time": "Thu May 27 2021  21:15:58"
                }
            ],
            "like": [
                "Priya Sapkal",
                "Adinath Raut",
                "hardikmehta",
                "Pratik Thakare",
                "Shekhar bendre",
                "Hrishikesh Mhatre",
                "Prajakta Bhidwe",
                "Akruti",
                "Aditi Gudadhe",
                "Akash Gorle"
            ],
            "timestamp": "Wed May 26 2021  21:50:10",
            "categoryId": "Food"
        },
        {
            "id": 4,
            "image": "https://th.bing.com/th?q=Travel+Food&w=120&h=120&c=1&rs=1&qlt=90&cb=1&pid=InlineBlock&mkt=en-IN&adlt=moderate&t=1&mw=247",
            "blogTitle": "Food 3",
            "blogData": "Some things in IT never change and one is exposing vulnerabilities in Microsoft’s armoury, Lorem Ipsum is simply dummy text of the printing and typesetting industry. Lorem Ipsum has been the industry's standard dummy text ever since the 1500s, when an unknown printer took a galley of type and scrambled it to make a type specimen book. It has survived not only five centuries, but also the leap into electronic typesetting, remaining essentially unchanged. It was popularised in the 1960s with the release of Letraset sheets containing Lorem Ipsum passages, and more recently with desktop publishing software like Aldus PageMaker including versions of Lorem Ipsum.not least as has recently been reported, Microsoft Exchange. Oh, how the hackers love Exchange… ",
            "like": [
                "Priya Sapkal",
                "hardikmehta",
                "Adinath Raut",
                "Hrishikesh Mhatre",
                "Prajakta Bhidwe",
                "Vinita Yemmi",
                "Akruti"
            ],
            "comments": [{
                    "username": "joshua@gmail.com",
                    "comment": "Rock-specific music site with significant social media influence. Home of magazines Classic Rock, Metal Hammer, Prog, and Blues, covering news in alternative rock, hard rock, indie, and everything in between.",
                    "time": "Thu May 27 2021  15:59:32"
                },
                {
                    "username": "hardik@gmail.com",
                    "comment": "Very Delicious food!",
                    "time": "Fri May 28 2021  19:30:44"
                }
            ],
            "timestamp": "Wed May 26 2021  21:10:29",
            "categoryId": "Food"
        },
        {
            "image": "https://th.bing.com/th/id/Rcf21da5d97c0c2e746d300bdaeb63118?rik=2lr9gBkKQSb5QA&riu=http%3a%2f%2fpic1.bbzhi.com%2frenwenbizhi%2fyinglunfengqingyingguolvyoubizhi%2fhuman_english_52245_1.jpg&ehk=KFmvqpx9HhFpC6IuIT68sAwN77xNfZU3L%2ftjV3ceJ2o%3d&risl=&pid=ImgRaw",
            "blogTitle": "Lifestyle 1",
            "blogData": "Some things in IT never change and one is exposing vulnerabilities in Microsoft’s armoury,Lorem Ipsum is simply dummy text of the printing and typesetting industry. Lorem Ipsum has been the industry's standard dummy text ever since the 1500s, when an unknown printer took a galley of type and scrambled it to make a type specimen book. It has survived not only five centuries, but also the leap into electronic typesetting, remaining essentially unchanged. It was popularised in the 1960s with the release of Letraset sheets containing Lorem Ipsum passages, and more recently with desktop publishing software like Aldus PageMaker including versions of Lorem Ipsum. not least as has recently been reported, Microsoft Exchange. Oh, how the hackers love Exchange… ",
            "like": [
                "Priya Sapkal",
                "hardikmehta",
                "Adinath Raut",
                "Hrishikesh Mhatre",
                "Prajakta Bhidwe",
                "Vinita Yemmi",
                "Akruti",
                "Aditi Gudadhe"
            ],
            "categoryId": "Lifestyle",
            "timestamp": "Thu May 27 2021  4:41:26",
            "id": 6,
            "comments": [{
                    "username": "joshua@gmail.com",
                    "comment": "awesome!",
                    "time": "Sun May 30 2021  23:11:55"
                },
                {
                    "username": "joshua@gmail.com",
                    "comment": "awesome!",
                    "time": "Sun May 30 2021  23:12:4"
                },
                {
                    "username": "joshua@gmail.com",
                    "comment": "awesome!",
                    "time": "Sun May 30 2021  23:12:24"
                }
            ]
        },
        {
            "id": "1",
            "image": "https://www.vir.com.vn/stores/news_dataimages/hung/062020/23/06/1497p16-the-vital-pillars-for-a-healthy-lifestyle.jpg",
            "blogTitle": "Lifestyle 2",
            "blogData": "Some things in IT never change and one is exposing vulnerabilities in Microsoft’s armoury,Lorem Ipsum is simply dummy text of the printing and typesetting industry. Lorem Ipsum has been the industry's standard dummy text ever since the 1500s, when an unknown printer took a galley of type and scrambled it to make a type specimen book. It has survived not only five centuries, but also the leap into electronic typesetting, remaining essentially unchanged. It was popularised in the 1960s with the release of Letraset sheets containing Lorem Ipsum passages, and more recently with desktop publishing software like Aldus PageMaker including versions of Lorem Ipsum. not least as has recently been reported, Microsoft Exchange. Oh, how the hackers love Exchange… ",
            "comments": [{
                    "username": "priya123@gmail.com",
                    "comment": "Despite the name, no rabbits are harmed in the making of one of South Africa's best-loved street foods. Bunny chow is hollowed-out half- or quarter-loaves of white bread filled with super-spicy curry. The dish originated in Durban's Indian community.",
                    "time": "Thu May 27 2021  15:51:36"
                },
                {
                    "username": "adinathraut@gmail.com",
                    "comment": "Good One!!",
                    "time": "Thu May 27 2021  21:15:50"
                },
                {
                    "username": "adinathraut@gmail.com",
                    "comment": "Good One!!",
                    "time": "Thu May 27 2021  21:15:58"
                },
                {
                    "username": "ms.aditigudadhe@gmail.com",
                    "comment": "Great!",
                    "time": "Mon May 31 2021  13:11:34"
                },
                {
                    "username": "ms.aditigudadhe@gmail.com",
                    "comment": "Despite the name, no rabbits are harmed in the making of one of South Africa's best-loved street foods. Bunny chow is hollowed-out half- or quarter-loaves of white bread filled with super-spicy curry. The dish originated in Durban's Indian community.",
                    "time": "Mon May 31 2021  13:13:54"
                },
                {
                    "username": "ms.aditigudadhe@gmail.com",
                    "comment": "Despite the name, no rabbits are harmed in the making of one of South Africa's best-loved street foods. Bunny chow is hollowed-out half- or quarter-loaves of white bread filled with super-spicy curry. The dish originated in Durban's Indian community.",
                    "time": "Mon May 31 2021  13:13:59"
                }
            ],
            "like": [
                "Priya Sapkal",
                "Adinath Raut",
                "hardikmehta",
                "Joshua Nandrekar",
                "Pratik Thakare",
                "Hrishikesh Mhatre",
                "Vinita Yemmi",
                "Aditi Gudadhe"
            ],
            "categoryId": "Lifestyle",
            "timestamp": "Wed May 26 2021  21:10:29"
        },
        {
            "id": "1",
            "image": "https://thriveinsider.com/wp-content/uploads/2020/11/anastase-maragos-v-unZQ5EeU8-unsplash-1536x1024.jpg",
            "blogTitle": "Lifestyle 3",
            "blogData": "Some things in IT never change and one is exposing vulnerabilities in Microsoft’s armoury,Lorem Ipsum is simply dummy text of the printing and typesetting industry. Lorem Ipsum has been the industry's standard dummy text ever since the 1500s, when an unknown printer took a galley of type and scrambled it to make a type specimen book. It has survived not only five centuries, but also the leap into electronic typesetting, remaining essentially unchanged. It was popularised in the 1960s with the release of Letraset sheets containing Lorem Ipsum passages, and more recently with desktop publishing software like Aldus PageMaker including versions of Lorem Ipsum. not least as has recently been reported, Microsoft Exchange. Oh, how the hackers love Exchange… ",
            "comments": [{
                    "username": "priya123@gmail.com",
                    "comment": "Despite the name, no rabbits are harmed in the making of one of South Africa's best-loved street foods. Bunny chow is hollowed-out half- or quarter-loaves of white bread filled with super-spicy curry. The dish originated in Durban's Indian community.",
                    "time": "Thu May 27 2021  15:51:36"
                },
                {
                    "username": "adinathraut@gmail.com",
                    "comment": "Good One!!",
                    "time": "Thu May 27 2021  21:15:50"
                },
                {
                    "username": "adinathraut@gmail.com",
                    "comment": "Good One!!",
                    "time": "Thu May 27 2021  21:15:58"
                }
            ],
            "like": [
                "Priya Sapkal",
                "Adinath Raut",
                "hardikmehta",
                "Pratik Thakare",
                "Hrishikesh Mhatre"
            ],
            "categoryId": "Lifestyle",
            "timestamp": "Wed May 26 2021  21:10:29"
        },
        {
            "image": "https://upload.wikimedia.org/wikipedia/commons/thumb/1/13/Slint_at_Pitchfork_Music_Festival.jpg/800px-Slint_at_Pitchfork_Music_Festival.jpg",
            "blogTitle": "Music 1",
            "blogData": "Ultimate Love Songs (Telugu) Armaan Malik, Deepu, Thaman S, Geetha Madhuri, Sahiti, Sruthi Ranjani, Haarika Narayan, Srinidhi, ML Gayathri, Nayana Nayar, Sruthi ML, Armaan Malik, Bolt, Ishaq Vali and more. Arjun Janya Love Songs Sanjith Hegde, Sonu Nigam, Palak Muchhal and more.",
            "categoryId": "Music",
            "timestamp": "Mon May 31 2021  16:1:36",
            "id": 10,
            "like": [
                "Prajakta Bhidwe",
                "Vinita Yemmi",
                "Aditi Gudadhe"
            ]
        },
        {
            "image": "https://www.contiki.com/six-two/wp-content/uploads/2019/04/places-to-travel-winter-europe.jpg",
            "blogTitle": "Travel 2",
            "blogData": "Travel is the movement of people between distant geographical locations. Travel can be done by foot, bicycle, automobile, train, boat, bus, airplane, ship or other means, with or without luggage, and can be one way or round trip. Travel can also include relatively short stays between successive movements, as in the case of tourism.",
            "categoryId": "Travel",
            "timestamp": "Mon May 31 2021  16:48:36",
            "id": 12,
            "like": [
                "Aditi Gudadhe",
                "Prajakta Bhidwe",
                "Vinita Yemmi"
            ]
        },
        {
            "image": "https://th.bing.com/th/id/OIP.2bayk2I3MDK08Y755pkpmwHaEo?w=286&h=180&c=7&o=5&pid=1.7",
            "blogTitle": "Travel 2",
            "blogData": "Travel is the movement of people between distant geographical locations. Travel can be done by foot, bicycle, automobile, train, boat, bus, airplane, ship or other means, with or without luggage, and can be one way or round trip. Travel can also include relatively short stays between successive movements, as in the case of tourism.",
            "categoryId": "Travel",
            "timestamp": "Mon May 31 2021  16:48:14",
            "id": 11,
            "like": [
                "Prajakta Bhidwe",
                "Vinita Yemmi",
                "Akash Gorle"
            ],
            "comments": [{
                    "username": "vinita@gmail.com",
                    "comment": "Great Place to visit..",
                    "time": "Mon May 31 2021  19:1:38"
                },
                {
                    "username": "vinita@gmail.com",
                    "comment": "",
                    "time": "Mon May 31 2021  19:1:51"
                }
            ]
        },
        {
            "image": " https://daily.jstor.org/wp-content/uploads/2021/04/why_do_we_listen_to_sad_music_1050x700.jpg",
            "blogTitle": "Music New",
            "blogData": "<div><div>Download latest MP3 songs online. Download new or old Hindi songs, Bollywood songs, English songs* &amp;amp; more on Gaana+ and play offline. Create,&nbsp;</div><div>share and listen to streaming</div></div><div><br></div>",
            "categoryId": "Music",
            "timestamp": "Tue Jun 01 2021  16:44:10",
            "id": 13,
            "like": [
                "Aditi Gudadhe"
            ]
        }

    ]
}